f1e2d3c4-5a6b-7c8d-9e0f-1a2b3c4d5e6f,a7b8c9d0-e1f2-3a4b-5c6d-7e8f9a0b1c2f,2025-07-24 13:15:00
e6d7c8b9-0f1a-2b3c-4d5e-6f7a8b9c0d1e,6f7e8d9c-0b1a-2d3e-4f5a-6b7c8d9e0f1a,2025-04-16 22:48:00
b9a0f1e2-3c4d-5e6f-7a8b-9c0d1e2f3a4b,e1f2a3b4-c5d6-7e8f-9a0b-1c2d3e4f5a6f,2025-03-29 15:11:00
a6f7e8d9-0b1c-2d3e-4f5a-6b7c8d9e0f1a,e3f4a5b6-c7d8-9e0f-1a2b-3c4d5e6f7a8b,2025-06-27 14:16:00
f3e4d5c6-7a8b-9c0d-1e2f-3a4b5c6d7e8f,b4c5d6e7-f8a9-0b1c-2d3e-4f5a6b7c8d9e,2025-01-26 14:30:00
b5a6f7e8-9c0d-1e2f-3a4b-5c6d7e8f9a0b,c5d6e7f8-a9b0-1c2d-3e4f-5a6b7c8d9e0f,2025-08-31 00:43:00
a8f9e0d1-2b3c-4d5e-6f7a-8b9c0d1e2f3a,f4a5b6c7-d8e9-0f1a-2b3c-4d5e6f7a8b9c,2025-01-20 18:41:00
b1a2f3e4-5c6d-7e8f-9a0b-1c2d3e4f5a6b,c3d4e5f6-a7b8-9c0d-1e2f-3a4b5c6d7e8f,2025-11-14 11:12:00
b9a0f1e2-3c4d-5e6f-7a8b-9c0d1e2f3a4b,b4c5d6e7-f8a9-0b1c-2d3e-4f5a6b7c8d9e,2025-07-29 21:35:00
c6b7a8f9-0d1e-2f3a-4b5c-6d7e8f9a0b1c,e9f0a1b2-c3d4-5e6f-7a8b-9c0d1e2f3a4b,2025-04-05 02:01:00
a1b2c3d4-5e6f-7a8b-9c0d-1e2f3a4b5c6d,f4a5b6c7-d8e9-0f1a-2b3c-4d5e6f7a8b9f,2025-12-28 02:25:00
f7e8d9c0-1a2b-3c4d-5e6f-7a8b9c0d1e2f,f0a1b2c3-d4e5-6f7a-8b9c-0d1e2f3a4b5c,2025-06-08 08:45:00
e4d5c6b7-8f9a-0b1c-2d3e-4f5a6b7c8d9e,f0a1b2c3-d4e5-6f7a-8b9c-0d1e2f3a4b5c,2025-03-30 05:43:00
a4f5e6d7-8b9c-0d1e-2f3a-4b5c6d7e8f9a,d6e7f8a9-b0c1-2d3e-4f5a-6b7c8d9e0f1a,2025-12-24 12:18:00
e8d9c0b1-2f3a-4b5c-6d7e-8f9a0b1c2d3e,a9b0c1d2-e3f4-5a6b-7c8d-9e0f1a2b3c4f,2025-12-10 07:17:00
e8d9c0b1-2f3a-4b5c-6d7e-8f9a0b1c2d3e,f4a5b6c7-d8e9-0f1a-2b3c-4d5e6f7a8b9f,2025-03-07 19:50:00
c2b3a4f5-6d7e-8f9a-0b1c-2d3e4f5a6b7c,f8a9b0c1-d2e3-4f5a-6b7c-8d9e0f1a2b3f,2025-04-13 08:08:00
e2d3c4b5-6f7a-8b9c-0d1e-2f3a4b5c6d7e,c3d4e5f6-a7b8-9c0d-1e2f-3a4b5c6d7e8f,2025-12-29 09:12:00
a1b2c3d4-5e6f-7a8b-9c0d-1e2f3a4b5c6d,a1b2c3d4-e5f6-7a8b-9c0d-1e2f3a4b5c6f,2025-06-04 04:58:00
c0b1a2f3-4d5e-6f7a-8b9c-0d1e2f3a4b5c,e7f8a9b0-c1d2-3e4f-5a6b-7c8d9e0f1a2f,2025-10-07 06:44:00
d5c6b7a8-9e0f-1a2b-3c4d-5e6f7a8b9c0d,d8e9f0a1-b2c3-4d5e-6f7a-8b9c0d1e2f3f,2025-06-01 16:51:00
b5a6f7e8-9c0d-1e2f-3a4b-5c6d7e8f9a0b,c3d4e5f6-a7b8-9c0d-1e2f-3a4b5c6d7e8f,2025-04-05 01:30:00
f1e2d3c4-5a6b-7c8d-9e0f-1a2b3c4d5e6f,2d3e4f5a-6b7c-8d9e-0f1a-2b3c4d5e6f7a,2025-09-21 02:47:00
c0b1a2f3-4d5e-6f7a-8b9c-0d1e2f3a4b5c,f4a5b6c7-d8e9-0f1a-2b3c-4d5e6f7a8b9c,2025-06-15 10:31:00
c4b5a6f7-8d9e-0f1a-2b3c-4d5e6f7a8b9c,e5f6a7b8-c9d0-1e2f-3a4b-5c6d7e8f9a0b,2025-03-06 14:03:00
b9a0f1e2-3c4d-5e6f-7a8b-9c0d1e2f3a4b,3e4f5a6b-7c8d-9e0f-1a2b-3c4d5e6f7a8b,2025-03-23 00:13:00
f5e6d7c8-9a0b-1c2d-3e4f-5a6b7c8d9e0f,e1f2a3b4-c5d6-7e8f-9a0b-1c2d3e4f5a6f,2025-07-06 23:13:00
3c4d5e6f-7a8b-9c0d-1e2f-3a4b5c6d7e8f,c3d4e5f6-a7b8-9c0d-1e2f-3a4b5c6d7e8f,2025-07-16 11:27:00
e4d5c6b7-8f9a-0b1c-2d3e-4f5a6b7c8d9e,9e0f1a2b-3c4d-5e6f-7a8b-9c0d1e2f3a4b,2025-05-27 11:30:00
a8f9e0d1-2b3c-4d5e-6f7a-8b9c0d1e2f3a,1b2a3c4d-5e6f-7a8b-9c0d-1e2f3a4b5c6d,2025-05-27 08:30:00
e2d3c4b5-6f7a-8b9c-0d1e-2f3a4b5c6d7e,d4e5f6a7-b8c9-0d1e-2f3a-4b5c6d7e8f9f,2025-07-11 22:29:00
b1a2c3d4-5e6f-7a8b-9c0d-1e2f3a4b5c7e,b4c5d6e7-f8a9-0b1c-2d3e-4f5a6b7c8d9f,2025-03-02 07:38:00
c6b7a8f9-0d1e-2f3a-4b5c-6d7e8f9a0b1c,e1f2a3b4-c5d6-7e8f-9a0b-1c2d3e4f5a6b,2025-10-27 04:12:00
e0d1c2b3-4f5a-6b7c-8d9e-0f1a2b3c4d5e,c7d8e9f0-a1b2-3c4d-5e6f-7a8b9c0d1e2f,2025-07-31 05:17:00
b5a6f7e8-9c0d-1e2f-3a4b-5c6d7e8f9a0b,c3d4e5f6-a7b8-9c0d-1e2f-3a4b5c6d7e8f,2025-03-10 22:44:00
b9a0f1e2-3c4d-5e6f-7a8b-9c0d1e2f3a4b,d4e5f6a7-b8c9-0d1e-2f3a-4b5c6d7e8f9f,2025-02-07 05:15:00
c4b5a6f7-8d9e-0f1a-2b3c-4d5e6f7a8b9c,b0c1d2e3-f4a5-6b7c-8d9e-0f1a2b3c4d5f,2025-04-12 01:13:00
a6f7e8d9-0b1c-2d3e-4f5a-6b7c8d9e0f1a,f0a1b2c3-d4e5-6f7a-8b9c-0d1e2f3a4b5c,2025-08-08 04:46:00
f9e0d1c2-3a4b-5c6d-7e8f-9a0b1c2d3e4f,a3b4c5d6-e7f8-9a0b-1c2d-3e4f5a6b7c8f,2025-01-21 22:29:00
e4d5c6b7-8f9a-0b1c-2d3e-4f5a6b7c8d9e,2d3e4f5a-6b7c-8d9e-0f1a-2b3c4d5e6f7a,2025-06-10 15:41:00
c0b1a2f3-4d5e-6f7a-8b9c-0d1e2f3a4b5c,b8c9d0e1-f2a3-4b5c-6d7e-8f9a0b1c2d3f,2025-06-23 00:40:00
c0b1a2f3-4d5e-6f7a-8b9c-0d1e2f3a4b5c,c3d4e5f6-a7b8-9c0d-1e2f-3a4b5c6d7e8f,2025-04-28 00:00:00
b1a2f3e4-5c6d-7e8f-9a0b-1c2d3e4f5a6b,0f1e2d3c-4b5a-6f7e-8d9c-0b1a2f3e4d5c,2025-11-07 23:45:00
b1a2c3d4-5e6f-7a8b-9c0d-1e2f3a4b5c7e,a5b6c7d8-e9f0-1a2b-3c4d-5e6f7a8b9c0f,2025-12-27 06:18:00
f9e0d1c2-3a4b-5c6d-7e8f-9a0b1c2d3e4f,c5d6e7f8-a9b0-1c2d-3e4f-5a6b7c8d9e0f,2025-09-03 01:36:00
b7a8f9e0-1c2d-3e4f-5a6b-7c8d9e0f1a2b,1b2a3c4d-5e6f-7a8b-9c0d-1e2f3a4b5c6d,2025-03-23 06:26:00
c4b5a6f7-8d9e-0f1a-2b3c-4d5e6f7a8b9c,c5d6e7f8-a9b0-1c2d-3e4f-5a6b7c8d9e0f,2025-10-25 07:43:00
f1e2d3c4-5a6b-7c8d-9e0f-1a2b3c4d5e6f,b6c7d8e9-f0a1-2b3c-4d5e-6f7a8b9c0d1f,2025-03-11 23:57:00
d7c8b9a0-1e2f-3a4b-5c6d-7e8f9a0b1c2d,f6a7b8c9-d0e1-2f3a-4b5c-6d7e8f9a0b1c,2025-10-26 06:57:00
a0f1e2d3-4b5c-6d7e-8f9a-0b1c2d3e4f5a,e5f6a7b8-c9d0-1e2f-3a4b-5c6d7e8f9a0f,2025-08-05 04:02:00
e6d7c8b9-0f1a-2b3c-4d5e-6f7a8b9c0d1e,f0a1b2c3-d4e5-6f7a-8b9c-0d1e2f3a4b5c,2025-04-12 19:03:00
d9c0b1a2-3e4f-5a6b-7c8d-9e0f1a2b3c4d,b4c5d6e7-f8a9-0b1c-2d3e-4f5a6b7c8d9e,2025-06-16 11:07:00
d3c4b5a6-7e8f-9a0b-1c2d-3e4f5a6b7c8d,a1b2c3d4-e5f6-7a8b-9c0d-1e2f3a4b5c6d,2025-02-16 09:34:00
c8b9a0f1-2d3e-4f5a-6b7c-8d9e0f1a2b3c,b0c1d2e3-f4a5-6b7c-8d9e-0f1a2b3c4d5e,2025-12-26 22:09:00
1a2b3c4d-5e6f-7a8b-9c0d-1e2f3a4b5c6d,a5b6c7d8-e9f0-1a2b-3c4d-5e6f7a8b9c0f,2025-08-10 22:55:00
b7a8f9e0-1c2d-3e4f-5a6b-7c8d9e0f1a2b,f0a1b2c3-d4e5-6f7a-8b9c-0d1e2f3a4b5c,2025-04-05 19:39:00
d3c4b5a6-7e8f-9a0b-1c2d-3e4f5a6b7c8d,b8c9d0e1-f2a3-4b5c-6d7e-8f9a0b1c2d3e,2025-01-12 23:58:00
c8b9a0f1-2d3e-4f5a-6b7c-8d9e0f1a2b3c,e7f8a9b0-c1d2-3e4f-5a6b-7c8d9e0f1a2b,2025-01-14 09:18:00
b9a0f1e2-3c4d-5e6f-7a8b-9c0d1e2f3a4b,c3d4e5f6-a7b8-9c0d-1e2f-3a4b5c6d7e8f,2025-07-04 00:45:00
b7a8f9e0-1c2d-3e4f-5a6b-7c8d9e0f1a2b,a9b0c1d2-e3f4-5a6b-7c8d-9e0f1a2b3c4d,2025-09-24 11:09:00
b3a4f5e6-7c8d-9e0f-1a2b-3c4d5e6f7a8b,b6c7d8e9-f0a1-2b3c-4d5e-6f7a8b9c0d1e,2025-01-20 21:45:00
1a2b3c4d-5e6f-7a8b-9c0d-1e2f3a4b5c6d,d2e3f4a5-b6c7-8d9e-0f1a-2b3c4d5e6f7a,2025-09-05 17:30:00
a6f7e8d9-0b1c-2d3e-4f5a-6b7c8d9e0f1a,a1b2c3d4-e5f6-7a8b-9c0d-1e2f3a4b5c6f,2025-05-31 20:40:00
d7c8b9a0-1e2f-3a4b-5c6d-7e8f9a0b1c2d,c5d6e7f8-a9b0-1c2d-3e4f-5a6b7c8d9e0f,2025-03-06 11:11:00
e8d9c0b1-2f3a-4b5c-6d7e-8f9a0b1c2d3e,d6e7f8a9-b0c1-2d3e-4f5a-6b7c8d9e0f1f,2025-02-23 19:53:00
a4f5e6d7-8b9c-0d1e-2f3a-4b5c6d7e8f9a,b6c7d8e9-f0a1-2b3c-4d5e-6f7a8b9c0d1e,2025-04-15 07:58:00
e4d5c6b7-8f9a-0b1c-2d3e-4f5a6b7c8d9e,e1f2a3b4-c5d6-7e8f-9a0b-1c2d3e4f5a6b,2025-05-20 01:20:00
0d1c2b3a-4e5f-6a7b-8c9d-0e1f2a3b4c5d,f4a5b6c7-d8e9-0f1a-2b3c-4d5e6f7a8b9f,2025-08-06 05:15:00
0d1c2b3a-4e5f-6a7b-8c9d-0e1f2a3b4c5d,b0c1d2e3-f4a5-6b7c-8d9e-0f1a2b3c4d5e,2025-12-23 06:19:00
b9a0f1e2-3c4d-5e6f-7a8b-9c0d1e2f3a4b,c9d0e1f2-a3b4-5c6d-7e8f-9a0b1c2d3e4f,2025-03-17 06:15:00
b5a6f7e8-9c0d-1e2f-3a4b-5c6d7e8f9a0b,8a9b0c1d-2e3f-4a5b-6c7d-8e9f0a1b2c3d,2025-09-14 05:15:00
b9a0f1e2-3c4d-5e6f-7a8b-9c0d1e2f3a4b,d0e1f2a3-b4c5-6d7e-8f9a-0b1c2d3e4f5f,2025-01-27 22:08:00
f5e6d7c8-9a0b-1c2d-3e4f-5a6b7c8d9e0f,b0c1d2e3-f4a5-6b7c-8d9e-0f1a2b3c4d5f,2025-02-07 05:55:00
a1b2c3d4-5e6f-7a8b-9c0d-1e2f3a4b5c6d,a7b8c9d0-e1f2-3a4b-5c6d-7e8f9a0b1c2f,2025-11-22 18:31:00
e0d1c2b3-4f5a-6b7c-8d9e-0f1a2b3c4d5e,d8e9f0a1-b2c3-4d5e-6f7a-8b9c0d1e2f3a,2025-01-01 01:12:00
e2d3c4b5-6f7a-8b9c-0d1e-2f3a4b5c6d7e,e1f2a3b4-c5d6-7e8f-9a0b-1c2d3e4f5a6f,2025-11-02 02:49:00
e4d5c6b7-8f9a-0b1c-2d3e-4f5a6b7c8d9e,0f1e2d3c-4b5a-6f7e-8d9c-0b1a2f3e4d5c,2025-03-16 07:58:00
c0b1a2f3-4d5e-6f7a-8b9c-0d1e2f3a4b5c,d6e7f8a9-b0c1-2d3e-4f5a-6b7c8d9e0f1a,2025-11-11 05:12:00
c0b1a2f3-4d5e-6f7a-8b9c-0d1e2f3a4b5c,f6a7b8c9-d0e1-2f3a-4b5c-6d7e8f9a0b1c,2025-09-28 17:22:00
e0d1c2b3-4f5a-6b7c-8d9e-0f1a2b3c4d5e,f6a7b8c9-d0e1-2f3a-4b5c-6d7e8f9a0b1f,2025-12-11 18:30:00
a8f9e0d1-2b3c-4d5e-6f7a-8b9c0d1e2f3a,9e0f1a2b-3c4d-5e6f-7a8b-9c0d1e2f3a4b,2025-04-13 20:53:00
a4f5e6d7-8b9c-0d1e-2f3a-4b5c6d7e8f9a,d4e5f6a7-b8c9-0d1e-2f3a-4b5c6d7e8f9a,2025-01-08 01:46:00
e0d1c2b3-4f5a-6b7c-8d9e-0f1a2b3c4d5e,f6a7b8c9-d0e1-2f3a-4b5c-6d7e8f9a0b1c,2025-02-05 06:47:00
d5c6b7a8-9e0f-1a2b-3c4d-5e6f7a8b9c0d,c3d4e5f6-a7b8-9c0d-1e2f-3a4b5c6d7e8f,2025-12-15 04:36:00
a4f5e6d7-8b9c-0d1e-2f3a-4b5c6d7e8f9a,e5f6a7b8-c9d0-1e2f-3a4b-5c6d7e8f9a0f,2025-09-25 14:42:00
a4f5e6d7-8b9c-0d1e-2f3a-4b5c6d7e8f9a,b0c1d2e3-f4a5-6b7c-8d9e-0f1a2b3c4d5f,2025-05-28 20:11:00
f1e2d3c4-5a6b-7c8d-9e0f-1a2b3c4d5e6f,8a9b0c1d-2e3f-4a5b-6c7d-8e9f0a1b2c3d,2025-12-26 16:08:00
b3a4f5e6-7c8d-9e0f-1a2b-3c4d5e6f7a8b,b0c1d2e3-f4a5-6b7c-8d9e-0f1a2b3c4d5f,2025-09-09 16:24:00
b1a2f3e4-5c6d-7e8f-9a0b-1c2d3e4f5a6b,f4a5b6c7-d8e9-0f1a-2b3c-4d5e6f7a8b9f,2025-08-10 07:45:00
f7e8d9c0-1a2b-3c4d-5e6f-7a8b9c0d1e2f,a5b6c7d8-e9f0-1a2b-3c4d-5e6f7a8b9c0f,2025-05-03 21:26:00
c6b7a8f9-0d1e-2f3a-4b5c-6d7e8f9a0b1c,f6a7b8c9-d0e1-2f3a-4b5c-6d7e8f9a0b1c,2025-07-10 22:38:00
e6d7c8b9-0f1a-2b3c-4d5e-6f7a8b9c0d1e,a1b2c3d4-e5f6-7a8b-9c0d-1e2f3a4b5c6d,2025-11-20 21:03:00
d7c8b9a0-1e2f-3a4b-5c6d-7e8f9a0b1c2d,b2c3d4e5-f6a7-8b9c-0d1e-2f3a4b5c6d7e,2025-07-24 15:31:00
d9c0b1a2-3e4f-5a6b-7c8d-9e0f1a2b3c4d,a1b2c3d4-e5f6-7a8b-9c0d-1e2f3a4b5c6e,2025-06-24 10:31:00
a8f9e0d1-2b3c-4d5e-6f7a-8b9c0d1e2f3a,e9f0a1b2-c3d4-5e6f-7a8b-9c0d1e2f3a4b,2025-12-26 15:18:00
a2f3e4d5-6b7c-8d9e-0f1a-2b3c4d5e6f7a,b0c1d2e3-f4a5-6b7c-8d9e-0f1a2b3c4d5e,2025-06-17 06:23:00
f9e0d1c2-3a4b-5c6d-7e8f-9a0b1c2d3e4f,6f7e8d9c-0b1a-2d3e-4f5a-6b7c8d9e0f1a,2025-12-31 10:25:00
e0d1c2b3-4f5a-6b7c-8d9e-0f1a2b3c4d5e,a3b4c5d6-e7f8-9a0b-1c2d-3e4f5a6b7c8f,2025-01-15 22:30:00
a2f3e4d5-6b7c-8d9e-0f1a-2b3c4d5e6f7a,a9b0c1d2-e3f4-5a6b-7c8d-9e0f1a2b3c4f,2025-09-25 20:25:00
e0d1c2b3-4f5a-6b7c-8d9e-0f1a2b3c4d5e,b4c5d6e7-f8a9-0b1c-2d3e-4f5a6b7c8d9f,2025-06-16 04:06:00
e2d3c4b5-6f7a-8b9c-0d1e-2f3a4b5c6d7e,b6c7d8e9-f0a1-2b3c-4d5e-6f7a8b9c0d1f,2025-09-18 13:36:00
7f8e9d0c-1b2a-3d4e-5f6a-7b8c9d0e1f2a,f6a7b8c9-d0e1-2f3a-4b5c-6d7e8f9a0b1f,2025-05-20 10:30:00
a6f7e8d9-0b1c-2d3e-4f5a-6b7c8d9e0f1a,9e0f1a2b-3c4d-5e6f-7a8b-9c0d1e2f3a4b,2025-10-16 20:46:00
c4b5a6f7-8d9e-0f1a-2b3c-4d5e6f7a8b9c,e1f2a3b4-c5d6-7e8f-9a0b-1c2d3e4f5a6f,2025-08-20 20:55:00
a0f1e2d3-4b5c-6d7e-8f9a-0b1c2d3e4f5a,d6e7f8a9-b0c1-2d3e-4f5a-6b7c8d9e0f1f,2025-05-14 03:30:00
d7c8b9a0-1e2f-3a4b-5c6d-7e8f9a0b1c2d,c5d6e7f8-a9b0-1c2d-3e4f-5a6b7c8d9e0f,2025-02-12 02:10:00
b7a8f9e0-1c2d-3e4f-5a6b-7c8d9e0f1a2b,a5b6c7d8-e9f0-1a2b-3c4d-5e6f7a8b9c0f,2025-03-17 18:45:00
5f4d6a8e-1a0b-4c7d-9e8f-0a1b2c3d4e5f,e1f2a3b4-c5d6-7e8f-9a0b-1c2d3e4f5a6f,2025-02-19 21:40:00
c6b7a8f9-0d1e-2f3a-4b5c-6d7e8f9a0b1c,d0e1f2a3-b4c5-6d7e-8f9a-0b1c2d3e4f5f,2025-03-21 16:30:00
b3a4f5e6-7c8d-9e0f-1a2b-3c4d5e6f7a8b,b4c5d6e7-f8a9-0b1c-2d3e-4f5a6b7c8d9f,2025-09-02 10:44:00
a6f7e8d9-0b1c-2d3e-4f5a-6b7c8d9e0f1a,c5d6e7f8-a9b0-1c2d-3e4f-5a6b7c8d9e0f,2025-02-24 01:07:00
c4b5a6f7-8d9e-0f1a-2b3c-4d5e6f7a8b9c,a1b2c3d4-e5f6-7a8b-9c0d-1e2f3a4b5c6e,2025-11-22 22:51:00
e6d7c8b9-0f1a-2b3c-4d5e-6f7a8b9c0d1e,d8e9f0a1-b2c3-4d5e-6f7a-8b9c0d1e2f3f,2025-07-24 12:56:00
f5e6d7c8-9a0b-1c2d-3e4f-5a6b7c8d9e0f,a7b8c9d0-e1f2-3a4b-5c6d-7e8f9a0b1c2f,2025-09-30 20:19:00
0d1c2b3a-4e5f-6a7b-8c9d-0e1f2a3b4c5d,c9d0e1f2-a3b4-5c6d-7e8f-9a0b1c2d3e4f,2025-12-16 13:27:00
9d8c7b6a-5f4e-3d2c-1b0a-9f8e7d6c5b4a,e7f8a9b0-c1d2-3e4f-5a6b-7c8d9e0f1a2f,2025-06-04 09:40:00
b7a8f9e0-1c2d-3e4f-5a6b-7c8d9e0f1a2b,d8e9f0a1-b2c3-4d5e-6f7a-8b9c0d1e2f3a,2025-10-15 22:49:00
d5c6b7a8-9e0f-1a2b-3c4d-5e6f7a8b9c0d,d4e5f6a7-b8c9-0d1e-2f3a-4b5c6d7e8f9a,2025-02-08 19:43:00
d5c6b7a8-9e0f-1a2b-3c4d-5e6f7a8b9c0d,c5d6e7f8-a9b0-1c2d-3e4f-5a6b7c8d9e0f,2025-11-09 02:26:00
d9c0b1a2-3e4f-5a6b-7c8d-9e0f1a2b3c4d,f4a5b6c7-d8e9-0f1a-2b3c-4d5e6f7a8b9f,2025-09-09 04:54:00
b9a0f1e2-3c4d-5e6f-7a8b-9c0d1e2f3a4b,f8a9b0c1-d2e3-4f5a-6b7c-8d9e0f1a2b3f,2025-04-25 02:01:00
a0f1e2d3-4b5c-6d7e-8f9a-0b1c2d3e4f5a,c1d2e3f4-a5b6-7c8d-9e0f-1a2b3c4d5e6f,2025-11-17 15:36:00
f3e4d5c6-7a8b-9c0d-1e2f-3a4b5c6d7e8f,c9d0e1f2-a3b4-5c6d-7e8f-9a0b1c2d3e4f,2025-02-27 22:17:00
b3a4f5e6-7c8d-9e0f-1a2b-3c4d5e6f7a8b,e5f6a7b8-c9d0-1e2f-3a4b-5c6d7e8f9a0f,2025-01-14 13:24:00
e4d5c6b7-8f9a-0b1c-2d3e-4f5a6b7c8d9e,d1e2f3a4-b5c6-7d8e-9f0a-1b2c3d4e5f6a,2025-08-10 00:50:00
a8f9e0d1-2b3c-4d5e-6f7a-8b9c0d1e2f3a,a1b2c3d4-e5f6-7a8b-9c0d-1e2f3a4b5c6e,2025-07-11 18:41:00
f3e4d5c6-7a8b-9c0d-1e2f-3a4b5c6d7e8f,b8c9d0e1-f2a3-4b5c-6d7e-8f9a0b1c2d3f,2025-02-27 21:35:00
d7c8b9a0-1e2f-3a4b-5c6d-7e8f9a0b1c2d,f2a3b4c5-d6e7-8f9a-0b1c-2d3e4f5a6b7c,2025-09-11 23:34:00
f9e0d1c2-3a4b-5c6d-7e8f-9a0b1c2d3e4f,d0e1f2a3-b4c5-6d7e-8f9a-0b1c2d3e4f5f,2025-08-10 04:40:00
e4d5c6b7-8f9a-0b1c-2d3e-4f5a6b7c8d9e,a3b4c5d6-e7f8-9a0b-1c2d-3e4f5a6b7c8f,2025-04-08 01:54:00
b5a6f7e8-9c0d-1e2f-3a4b-5c6d7e8f9a0b,f6a7b8c9-d0e1-2f3a-4b5c-6d7e8f9a0b1f,2025-03-29 00:33:00
c4b5a6f7-8d9e-0f1a-2b3c-4d5e6f7a8b9c,d6e7f8a9-b0c1-2d3e-4f5a-6b7c8d9e0f1f,2025-09-20 08:24:00
e4d5c6b7-8f9a-0b1c-2d3e-4f5a6b7c8d9e,a1b2c3d4-e5f6-7a8b-9c0d-1e2f3a4b5c6f,2025-11-18 08:54:00
f1e2d3c4-5a6b-7c8d-9e0f-1a2b3c4d5e6f,b4c5d6e7-f8a9-0b1c-2d3e-4f5a6b7c8d9e,2025-12-17 15:39:00
e2d3c4b5-6f7a-8b9c-0d1e-2f3a4b5c6d7e,b8c9d0e1-f2a3-4b5c-6d7e-8f9a0b1c2d3f,2025-01-06 05:31:00
e2d3c4b5-6f7a-8b9c-0d1e-2f3a4b5c6d7e,e9f0a1b2-c3d4-5e6f-7a8b-9c0d1e2f3a4b,2025-03-21 02:17:00
b1a2f3e4-5c6d-7e8f-9a0b-1c2d3e4f5a6b,c3d4e5f6-a7b8-9c0d-1e2f-3a4b5c6d7e8f,2025-01-01 00:43:00
2b3c4d5e-6f7a-8b9c-0d1e-2f3a4b5c6d7e,f8a9b0c1-d2e3-4f5a-6b7c-8d9e0f1a2b3c,2025-12-31 08:58:00
c4b5a6f7-8d9e-0f1a-2b3c-4d5e6f7a8b9c,e9f0a1b2-c3d4-5e6f-7a8b-9c0d1e2f3a4f,2025-11-24 05:37:00
b5a6f7e8-9c0d-1e2f-3a4b-5c6d7e8f9a0b,a7b8c9d0-e1f2-3a4b-5c6d-7e8f9a0b1c2f,2025-02-14 17:10:00
a6f7e8d9-0b1c-2d3e-4f5a-6b7c8d9e0f1a,e1f2a3b4-c5d6-7e8f-9a0b-1c2d3e4f5a6f,2025-09-01 01:27:00
d1c2b3a4-5e6f-7a8b-9c0d-1e2f3a4b5c6d,b2c3d4e5-f6a7-8b9c-0d1e-2f3a4b5c6d7f,2025-07-10 07:51:00
e6d7c8b9-0f1a-2b3c-4d5e-6f7a8b9c0d1e,d4e5f6a7-b8c9-0d1e-2f3a-4b5c6d7e8f9f,2025-03-13 19:23:00
a6f7e8d9-0b1c-2d3e-4f5a-6b7c8d9e0f1a,3e4f5a6b-7c8d-9e0f-1a2b-3c4d5e6f7a8b,2025-12-13 23:01:00
c4b5a6f7-8d9e-0f1a-2b3c-4d5e6f7a8b9c,d0e1f2a3-b4c5-6d7e-8f9a-0b1c2d3e4f5f,2025-10-27 01:07:00
a1b2c3d4-5e6f-7a8b-9c0d-1e2f3a4b5c6d,f8a9b0c1-d2e3-4f5a-6b7c-8d9e0f1a2b3f,2025-11-01 01:44:00
b9a0f1e2-3c4d-5e6f-7a8b-9c0d1e2f3a4b,c5d6e7f8-a9b0-1c2d-3e4f-5a6b7c8d9e0f,2025-12-10 21:51:00
e4d5c6b7-8f9a-0b1c-2d3e-4f5a6b7c8d9e,c5d6e7f8-a9b0-1c2d-3e4f-5a6b7c8d9e0f,2025-02-25 10:15:00
b5a6f7e8-9c0d-1e2f-3a4b-5c6d7e8f9a0b,f4a5b6c7-d8e9-0f1a-2b3c-4d5e6f7a8b9f,2025-09-06 18:49:00
c8b9a0f1-2d3e-4f5a-6b7c-8d9e0f1a2b3c,e5f6a7b8-c9d0-1e2f-3a4b-5c6d7e8f9a0f,2025-12-15 04:10:00
c0b1a2f3-4d5e-6f7a-8b9c-0d1e2f3a4b5c,e1f2a3b4-c5d6-7e8f-9a0b-1c2d3e4f5a6b,2025-10-26 22:26:00
c6b7a8f9-0d1e-2f3a-4b5c-6d7e8f9a0b1c,c1d2e3f4-a5b6-7c8d-9e0f-1a2b3c4d5e6f,2025-10-03 01:39:00
b3a4f5e6-7c8d-9e0f-1a2b-3c4d5e6f7a8b,f2a3b4c5-d6e7-8f9a-0b1c-2d3e4f5a6b7c,2025-02-25 11:50:00
d9c0b1a2-3e4f-5a6b-7c8d-9e0f1a2b3c4d,d1e2f3a4-b5c6-7d8e-9f0a-1b2c3d4e5f6a,2025-09-06 04:59:00
b7a8f9e0-1c2d-3e4f-5a6b-7c8d9e0f1a2b,e1f2a3b4-c5d6-7e8f-9a0b-1c2d3e4f5a6b,2025-01-26 16:45:00
b3a4f5e6-7c8d-9e0f-1a2b-3c4d5e6f7a8b,d4e5f6a7-b8c9-0d1e-2f3a-4b5c6d7e8f9f,2025-07-02 05:03:00
b9a0f1e2-3c4d-5e6f-7a8b-9c0d1e2f3a4b,f6a7b8c9-d0e1-2f3a-4b5c-6d7e8f9a0b1c,2025-06-10 09:17:00
b3a4f5e6-7c8d-9e0f-1a2b-3c4d5e6f7a8b,f6a7b8c9-d0e1-2f3a-4b5c-6d7e8f9a0b1f,2025-01-25 13:48:00
e0d1c2b3-4f5a-6b7c-8d9e-0f1a2b3c4d5e,b2c3d4e5-f6a7-8b9c-0d1e-2f3a4b5c6d7f,2025-07-31 06:42:00
c6b7a8f9-0d1e-2f3a-4b5c-6d7e8f9a0b1c,e5f6a7b8-c9d0-1e2f-3a4b-5c6d7e8f9a0f,2025-05-05 06:23:00
a6f7e8d9-0b1c-2d3e-4f5a-6b7c8d9e0f1a,a9b0c1d2-e3f4-5a6b-7c8d-9e0f1a2b3c4d,2025-06-07 11:38:00
a8f9e0d1-2b3c-4d5e-6f7a-8b9c0d1e2f3a,c3d4e5f6-a7b8-9c0d-1e2f-3a4b5c6d7e8f,2025-10-12 11:19:00
a8f9e0d1-2b3c-4d5e-6f7a-8b9c0d1e2f3a,e3f4a5b6-c7d8-9e0f-1a2b-3c4d5e6f7a8b,2025-08-02 06:50:00
a4f5e6d7-8b9c-0d1e-2f3a-4b5c6d7e8f9a,a9b0c1d2-e3f4-5a6b-7c8d-9e0f1a2b3c4f,2025-07-06 18:01:00
d3c4b5a6-7e8f-9a0b-1c2d-3e4f5a6b7c8d,0f1e2d3c-4b5a-6f7e-8d9c-0b1a2f3e4d5c,2025-03-10 16:43:00
a2f3e4d5-6b7c-8d9e-0f1a-2b3c4d5e6f7a,a9b0c1d2-e3f4-5a6b-7c8d-9e0f1a2b3c4f,2025-05-02 09:23:00
d9c0b1a2-3e4f-5a6b-7c8d-9e0f1a2b3c4d,d6e7f8a9-b0c1-2d3e-4f5a-6b7c8d9e0f1f,2025-06-24 02:36:00
c6b7a8f9-0d1e-2f3a-4b5c-6d7e8f9a0b1c,5a6b7c8d-9e0f-1a2b-3c4d-5e6f7a8b9c0d,2025-04-27 12:33:00
f7e8d9c0-1a2b-3c4d-5e6f-7a8b9c0d1e2f,c9d0e1f2-a3b4-5c6d-7e8f-9a0b1c2d3e4f,2025-01-01 13:46:00
f3e4d5c6-7a8b-9c0d-1e2f-3a4b5c6d7e8f,a9b0c1d2-e3f4-5a6b-7c8d-9e0f1a2b3c4d,2025-06-28 09:18:00
8e7f6a5b-4c3d-2e1f-0a9b-8c7d6e5f4a3b,e7f8a9b0-c1d2-3e4f-5a6b-7c8d9e0f1a2b,2025-12-22 10:38:00
e0d1c2b3-4f5a-6b7c-8d9e-0f1a2b3c4d5e,e9f0a1b2-c3d4-5e6f-7a8b-9c0d1e2f3a4f,2025-04-05 21:56:00
c4b5a6f7-8d9e-0f1a-2b3c-4d5e6f7a8b9c,c3d4e5f6-a7b8-9c0d-1e2f-3a4b5c6d7e8f,2025-03-23 08:04:00
f1e2d3c4-5a6b-7c8d-9e0f-1a2b3c4d5e6f,e3f4a5b6-c7d8-9e0f-1a2b-3c4d5e6f7a8f,2025-07-14 02:48:00
c4b5a6f7-8d9e-0f1a-2b3c-4d5e6f7a8b9c,c7d8e9f0-a1b2-3c4d-5e6f-7a8b9c0d1e2f,2025-09-05 13:32:00
e4d5c6b7-8f9a-0b1c-2d3e-4f5a6b7c8d9e,f6a7b8c9-d0e1-2f3a-4b5c-6d7e8f9a0b1f,2025-01-05 05:37:00
a0f1e2d3-4b5c-6d7e-8f9a-0b1c2d3e4f5a,d8e9f0a1-b2c3-4d5e-6f7a-8b9c0d1e2f3a,2025-01-01 20:02:00
c6b7a8f9-0d1e-2f3a-4b5c-6d7e8f9a0b1c,8a9b0c1d-2e3f-4a5b-6c7d-8e9f0a1b2c3d,2025-02-13 12:44:00
f5e6d7c8-9a0b-1c2d-3e4f-5a6b7c8d9e0f,c5d6e7f8-a9b0-1c2d-3e4f-5a6b7c8d9e0f,2025-05-10 15:18:00
a0f1e2d3-4b5c-6d7e-8f9a-0b1c2d3e4f5a,2d3e4f5a-6b7c-8d9e-0f1a-2b3c4d5e6f7a,2025-02-11 01:11:00
c0b1a2f3-4d5e-6f7a-8b9c-0d1e2f3a4b5c,f0a1b2c3-d4e5-6f7a-8b9c-0d1e2f3a4b5f,2025-11-28 20:25:00
c4b5a6f7-8d9e-0f1a-2b3c-4d5e6f7a8b9c,e1f2a3b4-c5d6-7e8f-9a0b-1c2d3e4f5a6f,2025-01-14 01:22:00
b5a6f7e8-9c0d-1e2f-3a4b-5c6d7e8f9a0b,d8e9f0a1-b2c3-4d5e-6f7a-8b9c0d1e2f3a,2025-09-16 05:54:00
e2d3c4b5-6f7a-8b9c-0d1e-2f3a4b5c6d7e,a9b0c1d2-e3f4-5a6b-7c8d-9e0f1a2b3c4d,2025-05-02 11:01:00
d9c0b1a2-3e4f-5a6b-7c8d-9e0f1a2b3c4d,c7d8e9f0-a1b2-3c4d-5e6f-7a8b9c0d1e2f,2025-05-16 18:13:00
f5e6d7c8-9a0b-1c2d-3e4f-5a6b7c8d9e0f,d6e7f8a9-b0c1-2d3e-4f5a-6b7c8d9e0f1f,2025-11-30 06:36:00
d7c8b9a0-1e2f-3a4b-5c6d-7e8f9a0b1c2d,8a9b0c1d-2e3f-4a5b-6c7d-8e9f0a1b2c3d,2025-08-14 07:51:00
d9c0b1a2-3e4f-5a6b-7c8d-9e0f1a2b3c4d,d2e3f4a5-b6c7-8d9e-0f1a-2b3c4d5e6f7a,2025-05-29 09:44:00
b1a2f3e4-5c6d-7e8f-9a0b-1c2d3e4f5a6b,b0c1d2e3-f4a5-6b7c-8d9e-0f1a2b3c4d5f,2025-09-28 19:18:00
a4f5e6d7-8b9c-0d1e-2f3a-4b5c6d7e8f9a,a7b8c9d0-e1f2-3a4b-5c6d-7e8f9a0b1c2d,2025-01-31 21:05:00
d1c2b3a4-5e6f-7a8b-9c0d-1e2f3a4b5c6d,e9f0a1b2-c3d4-5e6f-7a8b-9c0d1e2f3a4f,2025-05-18 08:49:00
b5a6f7e8-9c0d-1e2f-3a4b-5c6d7e8f9a0b,e3f4a5b6-c7d8-9e0f-1a2b-3c4d5e6f7a8f,2025-06-30 10:09:00
c0b1a2f3-4d5e-6f7a-8b9c-0d1e2f3a4b5c,f0a1b2c3-d4e5-6f7a-8b9c-0d1e2f3a4b5c,2025-05-22 21:37:00
b3a4f5e6-7c8d-9e0f-1a2b-3c4d5e6f7a8b,e9f0a1b2-c3d4-5e6f-7a8b-9c0d1e2f3a4f,2025-07-12 06:18:00
7f8e9d0c-1b2a-3d4e-5f6a-7b8c9d0e1f2a,f6a7b8c9-d0e1-2f3a-4b5c-6d7e8f9a0b1f,2025-09-30 04:29:00
a8f9e0d1-2b3c-4d5e-6f7a-8b9c0d1e2f3a,f0a1b2c3-d4e5-6f7a-8b9c-0d1e2f3a4b5c,2025-03-28 01:03:00
d5c6b7a8-9e0f-1a2b-3c4d-5e6f7a8b9c0d,e3f4a5b6-c7d8-9e0f-1a2b-3c4d5e6f7a8f,2025-05-20 18:16:00
d5c6b7a8-9e0f-1a2b-3c4d-5e6f7a8b9c0d,d2e3f4a5-b6c7-8d9e-0f1a-2b3c4d5e6f7a,2025-12-03 05:35:00
e2d3c4b5-6f7a-8b9c-0d1e-2f3a4b5c6d7e,e3f4a5b6-c7d8-9e0f-1a2b-3c4d5e6f7a8f,2025-03-24 13:49:00
f9e0d1c2-3a4b-5c6d-7e8f-9a0b1c2d3e4f,f2a3b4c5-d6e7-8f9a-0b1c-2d3e4f5a6b7c,2025-04-07 16:28:00
a2f3e4d5-6b7c-8d9e-0f1a-2b3c4d5e6f7a,a5b6c7d8-e9f0-1a2b-3c4d-5e6f7a8b9c0f,2025-05-31 16:06:00
e6d7c8b9-0f1a-2b3c-4d5e-6f7a8b9c0d1e,d8e9f0a1-b2c3-4d5e-6f7a-8b9c0d1e2f3a,2025-09-18 19:56:00
b5a6f7e8-9c0d-1e2f-3a4b-5c6d7e8f9a0b,d4e5f6a7-b8c9-0d1e-2f3a-4b5c6d7e8f9a,2025-01-29 06:03:00
f9e0d1c2-3a4b-5c6d-7e8f-9a0b1c2d3e4f,e1f2a3b4-c5d6-7e8f-9a0b-1c2d3e4f5a6f,2025-02-27 02:45:00
e0d1c2b3-4f5a-6b7c-8d9e-0f1a2b3c4d5e,d2e3f4a5-b6c7-8d9e-0f1a-2b3c4d5e6f7a,2025-12-01 07:51:00
1a2b3c4d-5e6f-7a8b-9c0d-1e2f3a4b5c6d,e7f8a9b0-c1d2-3e4f-5a6b-7c8d9e0f1a2f,2025-10-23 13:47:00
a4f5e6d7-8b9c-0d1e-2f3a-4b5c6d7e8f9a,1b2a3c4d-5e6f-7a8b-9c0d-1e2f3a4b5c6d,2025-12-06 11:49:00
f3e4d5c6-7a8b-9c0d-1e2f-3a4b5c6d7e8f,b0c1d2e3-f4a5-6b7c-8d9e-0f1a2b3c4d5e,2025-04-01 23:21:00
b9a0f1e2-3c4d-5e6f-7a8b-9c0d1e2f3a4b,e7f8a9b0-c1d2-3e4f-5a6b-7c8d9e0f1a2f,2025-03-02 07:16:00
9d8c7b6a-5f4e-3d2c-1b0a-9f8e7d6c5b4a,d0e1f2a3-b4c5-6d7e-8f9a-0b1c2d3e4f5a,2025-02-13 22:23:00
a0f1e2d3-4b5c-6d7e-8f9a-0b1c2d3e4f5a,a7b8c9d0-e1f2-3a4b-5c6d-7e8f9a0b1c2d,2025-04-27 16:37:00
c4b5a6f7-8d9e-0f1a-2b3c-4d5e6f7a8b9c,f0a1b2c3-d4e5-6f7a-8b9c-0d1e2f3a4b5f,2025-08-09 00:17:00
a1b2c3d4-5e6f-7a8b-9c0d-1e2f3a4b5c6d,d8e9f0a1-b2c3-4d5e-6f7a-8b9c0d1e2f3a,2025-08-17 10:09:00
8e7f6a5b-4c3d-2e1f-0a9b-8c7d6e5f4a3b,a3b4c5d6-e7f8-9a0b-1c2d-3e4f5a6b7c8d,2025-04-01 17:04:00
e8d9c0b1-2f3a-4b5c-6d7e-8f9a0b1c2d3e,a5b6c7d8-e9f0-1a2b-3c4d-5e6f7a8b9c0d,2025-07-18 18:33:00
d1c2b3a4-5e6f-7a8b-9c0d-1e2f3a4b5c6d,e3f4a5b6-c7d8-9e0f-1a2b-3c4d5e6f7a8f,2025-03-09 14:40:00
c6b7a8f9-0d1e-2f3a-4b5c-6d7e8f9a0b1c,d1e2f3a4-b5c6-7d8e-9f0a-1b2c3d4e5f6a,2025-10-07 10:38:00
b1a2f3e4-5c6d-7e8f-9a0b-1c2d3e4f5a6b,d6e7f8a9-b0c1-2d3e-4f5a-6b7c8d9e0f1f,2025-03-18 01:19:00
c0b1a2f3-4d5e-6f7a-8b9c-0d1e2f3a4b5c,b8c9d0e1-f2a3-4b5c-6d7e-8f9a0b1c2d3e,2025-11-06 03:19:00
a0f1e2d3-4b5c-6d7e-8f9a-0b1c2d3e4f5a,e9f0a1b2-c3d4-5e6f-7a8b-9c0d1e2f3a4b,2025-12-31 07:02:00
b7a8f9e0-1c2d-3e4f-5a6b-7c8d9e0f1a2b,a3b4c5d6-e7f8-9a0b-1c2d-3e4f5a6b7c8f,2025-08-21 06:28:00
d7c8b9a0-1e2f-3a4b-5c6d-7e8f9a0b1c2d,a9b0c1d2-e3f4-5a6b-7c8d-9e0f1a2b3c4f,2025-10-14 12:50:00
b7a8f9e0-1c2d-3e4f-5a6b-7c8d9e0f1a2b,d8e9f0a1-b2c3-4d5e-6f7a-8b9c0d1e2f3a,2025-04-29 12:09:00
d1c2b3a4-5e6f-7a8b-9c0d-1e2f3a4b5c6d,e1f2a3b4-c5d6-7e8f-9a0b-1c2d3e4f5a6b,2025-10-09 20:56:00
b5a6f7e8-9c0d-1e2f-3a4b-5c6d7e8f9a0b,c9d0e1f2-a3b4-5c6d-7e8f-9a0b1c2d3e4f,2025-03-30 04:48:00
b9a0f1e2-3c4d-5e6f-7a8b-9c0d1e2f3a4b,f0a1b2c3-d4e5-6f7a-8b9c-0d1e2f3a4b5f,2025-03-07 07:27:00
c6b7a8f9-0d1e-2f3a-4b5c-6d7e8f9a0b1c,f2a3b4c5-d6e7-8f9a-0b1c-2d3e4f5a6b7c,2025-11-18 04:48:00
b3a4f5e6-7c8d-9e0f-1a2b-3c4d5e6f7a8b,c1d2e3f4-a5b6-7c8d-9e0f-1a2b3c4d5e6f,2025-10-31 08:44:00
f9e0d1c2-3a4b-5c6d-7e8f-9a0b1c2d3e4f,b6c7d8e9-f0a1-2b3c-4d5e-6f7a8b9c0d1e,2025-06-20 12:33:00
e8d9c0b1-2f3a-4b5c-6d7e-8f9a0b1c2d3e,e5f6a7b8-c9d0-1e2f-3a4b-5c6d7e8f9a0b,2025-05-12 13:39:00
2b3c4d5e-6f7a-8b9c-0d1e-2f3a4b5c6d7e,c5d6e7f8-a9b0-1c2d-3e4f-5a6b7c8d9e0f,2025-10-22 07:00:00
b5a6f7e8-9c0d-1e2f-3a4b-5c6d7e8f9a0b,d0e1f2a3-b4c5-6d7e-8f9a-0b1c2d3e4f5a,2025-01-21 15:01:00
d1c2b3a4-5e6f-7a8b-9c0d-1e2f3a4b5c6d,6f7e8d9c-0b1a-2d3e-4f5a-6b7c8d9e0f1a,2025-04-28 20:50:00
a1b2c3d4-5e6f-7a8b-9c0d-1e2f3a4b5c6d,2d3e4f5a-6b7c-8d9e-0f1a-2b3c4d5e6f7a,2025-03-01 10:42:00
c4b5a6f7-8d9e-0f1a-2b3c-4d5e6f7a8b9c,d0e1f2a3-b4c5-6d7e-8f9a-0b1c2d3e4f5f,2025-12-04 04:37:00
c0b1a2f3-4d5e-6f7a-8b9c-0d1e2f3a4b5c,f8a9b0c1-d2e3-4f5a-6b7c-8d9e0f1a2b3f,2025-10-15 21:02:00
b5a6f7e8-9c0d-1e2f-3a4b-5c6d7e8f9a0b,c5d6e7f8-a9b0-1c2d-3e4f-5a6b7c8d9e0f,2025-10-21 09:55:00
f3e4d5c6-7a8b-9c0d-1e2f-3a4b5c6d7e8f,d2e3f4a5-b6c7-8d9e-0f1a-2b3c4d5e6f7f,2025-10-04 06:29:00
f3e4d5c6-7a8b-9c0d-1e2f-3a4b5c6d7e8f,a7b8c9d0-e1f2-3a4b-5c6d-7e8f9a0b1c2f,2025-09-18 12:31:00
a8f9e0d1-2b3c-4d5e-6f7a-8b9c0d1e2f3a,c9d0e1f2-a3b4-5c6d-7e8f-9a0b1c2d3e4f,2025-12-31 16:14:00
1a2b3c4d-5e6f-7a8b-9c0d-1e2f3a4b5c6d,b0c1d2e3-f4a5-6b7c-8d9e-0f1a2b3c4d5f,2025-04-17 15:42:00
a8f9e0d1-2b3c-4d5e-6f7a-8b9c0d1e2f3a,f6a7b8c9-d0e1-2f3a-4b5c-6d7e8f9a0b1f,2025-02-04 20:01:00
a6f7e8d9-0b1c-2d3e-4f5a-6b7c8d9e0f1a,e5f6a7b8-c9d0-1e2f-3a4b-5c6d7e8f9a0f,2025-07-03 20:29:00
c8b9a0f1-2d3e-4f5a-6b7c-8d9e0f1a2b3c,c5d6e7f8-a9b0-1c2d-3e4f-5a6b7c8d9e0f,2025-05-15 17:48:00
c2b3a4d5-6e7f-8a9b-0c1d-2e3f4a5b6c7d,f6a7b8c9-d0e1-2f3a-4b5c-6d7e8f9a0b1f,2025-05-21 03:02:00
f3e4d5c6-7a8b-9c0d-1e2f-3a4b5c6d7e8f,c1d2e3f4-a5b6-7c8d-9e0f-1a2b3c4d5e6f,2025-12-02 02:30:00
a1b2c3d4-5e6f-7a8b-9c0d-1e2f3a4b5c6d,f2a3b4c5-d6e7-8f9a-0b1c-2d3e4f5a6b7f,2025-06-11 09:47:00
e8d9c0b1-2f3a-4b5c-6d7e-8f9a0b1c2d3e,c1d2e3f4-a5b6-7c8d-9e0f-1a2b3c4d5e6f,2025-07-21 09:54:00
a2f3e4d5-6b7c-8d9e-0f1a-2b3c4d5e6f7a,9c8d7e6f-5a4b-3c2d-1e0f-9a8b7c6d5e4f,2025-03-18 01:50:00
7f8e9d0c-1b2a-3d4e-5f6a-7b8c9d0e1f2a,b8c9d0e1-f2a3-4b5c-6d7e-8f9a0b1c2d3e,2025-09-30 19:39:00
f5e6d7c8-9a0b-1c2d-3e4f-5a6b7c8d9e0f,c9d0e1f2-a3b4-5c6d-7e8f-9a0b1c2d3e4f,2025-07-23 11:29:00
f7e8d9c0-1a2b-3c4d-5e6f-7a8b9c0d1e2f,f8a9b0c1-d2e3-4f5a-6b7c-8d9e0f1a2b3c,2025-03-30 07:36:00
a2f3e4d5-6b7c-8d9e-0f1a-2b3c4d5e6f7a,e7f8a9b0-c1d2-3e4f-5a6b-7c8d9e0f1a2f,2025-03-23 05:53:00
e6d7c8b9-0f1a-2b3c-4d5e-6f7a8b9c0d1e,e7f8a9b0-c1d2-3e4f-5a6b-7c8d9e0f1a2f,2025-11-23 04:50:00
a2f3e4d5-6b7c-8d9e-0f1a-2b3c4d5e6f7a,b0c1d2e3-f4a5-6b7c-8d9e-0f1a2b3c4d5e,2025-10-16 12:49:00
e6d7c8b9-0f1a-2b3c-4d5e-6f7a8b9c0d1e,f2a3b4c5-d6e7-8f9a-0b1c-2d3e4f5a6b7f,2025-10-13 14:45:00
c8b9a0f1-2d3e-4f5a-6b7c-8d9e0f1a2b3c,d1e2f3a4-b5c6-7d8e-9f0a-1b2c3d4e5f6a,2025-12-23 10:58:00
a8f9e0d1-2b3c-4d5e-6f7a-8b9c0d1e2f3a,b4c5d6e7-f8a9-0b1c-2d3e-4f5a6b7c8d9f,2025-05-14 02:08:00
e8d9c0b1-2f3a-4b5c-6d7e-8f9a0b1c2d3e,e7f8a9b0-c1d2-3e4f-5a6b-7c8d9e0f1a2b,2025-10-29 04:29:00
e4d5c6b7-8f9a-0b1c-2d3e-4f5a6b7c8d9e,d6e7f8a9-b0c1-2d3e-4f5a-6b7c8d9e0f1f,2025-07-17 05:38:00
d3c4b5a6-7e8f-9a0b-1c2d-3e4f5a6b7c8d,c1d2e3f4-a5b6-7c8d-9e0f-1a2b3c4d5e6f,2025-09-22 05:38:00
b1a2c3d4-5e6f-7a8b-9c0d-1e2f3a4b5c7e,d4e5f6a7-b8c9-0d1e-2f3a-4b5c6d7e8f9f,2025-05-29 15:08:00
d7c8b9a0-1e2f-3a4b-5c6d-7e8f9a0b1c2d,9c8d7e6f-5a4b-3c2d-1e0f-9a8b7c6d5e4f,2025-11-26 10:58:00
f1e2d3c4-5a6b-7c8d-9e0f-1a2b3c4d5e6f,c1d2e3f4-a5b6-7c8d-9e0f-1a2b3c4d5e6f,2025-08-20 21:25:00
1a2b3c4d-5e6f-7a8b-9c0d-1e2f3a4b5c6d,4c5d6e7f-8a9b-0c1d-2e3f-4a5b6c7d8e9f,2025-12-14 01:18:00
e0d1c2b3-4f5a-6b7c-8d9e-0f1a2b3c4d5e,b8c9d0e1-f2a3-4b5c-6d7e-8f9a0b1c2d3f,2025-08-10 16:01:00
e2d3c4b5-6f7a-8b9c-0d1e-2f3a4b5c6d7e,e7f8a9b0-c1d2-3e4f-5a6b-7c8d9e0f1a2f,2025-03-02 17:47:00
a2f3e4d5-6b7c-8d9e-0f1a-2b3c4d5e6f7a,a3b4c5d6-e7f8-9a0b-1c2d-3e4f5a6b7c8d,2025-03-28 23:19:00
b3a4f5e6-7c8d-9e0f-1a2b-3c4d5e6f7a8b,c9d0e1f2-a3b4-5c6d-7e8f-9a0b1c2d3e4f,2025-03-04 23:23:00
b9a0f1e2-3c4d-5e6f-7a8b-9c0d1e2f3a4b,c7d8e9f0-a1b2-3c4d-5e6f-7a8b9c0d1e2f,2025-09-07 18:29:00
a8f9e0d1-2b3c-4d5e-6f7a-8b9c0d1e2f3a,b0c1d2e3-f4a5-6b7c-8d9e-0f1a2b3c4d5f,2025-04-24 07:47:00
0d1c2b3a-4e5f-6a7b-8c9d-0e1f2a3b4c5d,d6e7f8a9-b0c1-2d3e-4f5a-6b7c8d9e0f1a,2025-03-11 04:07:00
d3c4b5a6-7e8f-9a0b-1c2d-3e4f5a6b7c8d,f2a3b4c5-d6e7-8f9a-0b1c-2d3e4f5a6b7f,2025-12-13 15:35:00
e6d7c8b9-0f1a-2b3c-4d5e-6f7a8b9c0d1e,a7b8c9d0-e1f2-3a4b-5c6d-7e8f9a0b1c2d,2025-08-23 16:32:00
f9e0d1c2-3a4b-5c6d-7e8f-9a0b1c2d3e4f,2d3e4f5a-6b7c-8d9e-0f1a-2b3c4d5e6f7a,2025-01-26 14:11:00
b5a6f7e8-9c0d-1e2f-3a4b-5c6d7e8f9a0b,e1f2a3b4-c5d6-7e8f-9a0b-1c2d3e4f5a6b,2025-05-17 17:17:00
d3c4b5a6-7e8f-9a0b-1c2d-3e4f5a6b7c8d,d2e3f4a5-b6c7-8d9e-0f1a-2b3c4d5e6f7a,2025-06-21 03:03:00
c2b3a4d5-6e7f-8a9b-0c1d-2e3f4a5b6c7d,a5b6c7d8-e9f0-1a2b-3c4d-5e6f7a8b9c0d,2025-05-30 14:11:00
b9a0f1e2-3c4d-5e6f-7a8b-9c0d1e2f3a4b,e9f0a1b2-c3d4-5e6f-7a8b-9c0d1e2f3a4b,2025-05-12 05:20:00
d7c8b9a0-1e2f-3a4b-5c6d-7e8f9a0b1c2d,3e4f5a6b-7c8d-9e0f-1a2b-3c4d5e6f7a8b,2025-08-24 21:34:00
e2d3c4b5-6f7a-8b9c-0d1e-2f3a4b5c6d7e,5a6b7c8d-9e0f-1a2b-3c4d-5e6f7a8b9c0d,2025-07-13 02:33:00
e4d5c6b7-8f9a-0b1c-2d3e-4f5a6b7c8d9e,d0e1f2a3-b4c5-6d7e-8f9a-0b1c2d3e4f5a,2025-09-01 04:29:00
b5a6f7e8-9c0d-1e2f-3a4b-5c6d7e8f9a0b,b4c5d6e7-f8a9-0b1c-2d3e-4f5a6b7c8d9f,2025-10-02 04:52:00
e2d3c4b5-6f7a-8b9c-0d1e-2f3a4b5c6d7e,f6a7b8c9-d0e1-2f3a-4b5c-6d7e8f9a0b1f,2025-04-15 17:41:00
e2d3c4b5-6f7a-8b9c-0d1e-2f3a4b5c6d7e,e3f4a5b6-c7d8-9e0f-1a2b-3c4d5e6f7a8b,2025-09-11 15:39:00
b3a4f5e6-7c8d-9e0f-1a2b-3c4d5e6f7a8b,e3f4a5b6-c7d8-9e0f-1a2b-3c4d5e6f7a8b,2025-02-04 16:34:00
d9c0b1a2-3e4f-5a6b-7c8d-9e0f1a2b3c4d,c5d6e7f8-a9b0-1c2d-3e4f-5a6b7c8d9e0f,2025-03-24 17:51:00
e6d7c8b9-0f1a-2b3c-4d5e-6f7a8b9c0d1e,e1f2a3b4-c5d6-7e8f-9a0b-1c2d3e4f5a6f,2025-01-30 10:19:00
f3e4d5c6-7a8b-9c0d-1e2f-3a4b5c6d7e8f,a9b0c1d2-e3f4-5a6b-7c8d-9e0f1a2b3c4d,2025-12-02 22:50:00
e4d5c6b7-8f9a-0b1c-2d3e-4f5a6b7c8d9e,b8c9d0e1-f2a3-4b5c-6d7e-8f9a0b1c2d3e,2025-10-13 15:45:00
d9c0b1a2-3e4f-5a6b-7c8d-9e0f1a2b3c4d,b8c9d0e1-f2a3-4b5c-6d7e-8f9a0b1c2d3e,2025-08-23 03:36:00
a4f5e6d7-8b9c-0d1e-2f3a-4b5c6d7e8f9a,e3f4a5b6-c7d8-9e0f-1a2b-3c4d5e6f7a8f,2025-08-14 17:03:00
e0d1c2b3-4f5a-6b7c-8d9e-0f1a2b3c4d5e,4c5d6e7f-8a9b-0c1d-2e3f-4a5b6c7d8e9f,2025-12-14 11:36:00
b9a0f1e2-3c4d-5e6f-7a8b-9c0d1e2f3a4b,e9f0a1b2-c3d4-5e6f-7a8b-9c0d1e2f3a4b,2025-06-11 05:45:00
c8b9a0f1-2d3e-4f5a-6b7c-8d9e0f1a2b3c,4c5d6e7f-8a9b-0c1d-2e3f-4a5b6c7d8e9f,2025-09-26 02:55:00
b3a4f5e6-7c8d-9e0f-1a2b-3c4d5e6f7a8b,a3b4c5d6-e7f8-9a0b-1c2d-3e4f5a6b7c8f,2025-09-25 21:23:00
b5a6f7e8-9c0d-1e2f-3a4b-5c6d7e8f9a0b,a1b2c3d4-e5f6-7a8b-9c0d-1e2f3a4b5c6e,2025-12-09 04:12:00
d7c8b9a0-1e2f-3a4b-5c6d-7e8f9a0b1c2d,e1f2a3b4-c5d6-7e8f-9a0b-1c2d3e4f5a6f,2025-04-25 13:53:00
f1e2d3c4-5a6b-7c8d-9e0f-1a2b3c4d5e6f,c9d0e1f2-a3b4-5c6d-7e8f-9a0b1c2d3e4f,2025-12-27 00:55:00
d1c2b3a4-5e6f-7a8b-9c0d-1e2f3a4b5c6d,d4e5f6a7-b8c9-0d1e-2f3a-4b5c6d7e8f9f,2025-04-01 11:12:00
